{
  "token_acc": 0.9980718909,
  "token_p": 0.997080292,
  "token_r": 0.9953256895,
  "token_f": 0.9962022181,
  "pos_acc": 0.9728910684,
  "morph_acc": 0.9586576479,
  "morph_micro_p": 0.9759447339,
  "morph_micro_r": 0.9664952241,
  "morph_micro_f": 0.9711969942,
  "morph_per_feat": {
    "Definite": {
      "p": 0.9788408464,
      "r": 0.9654077351,
      "f": 0.972077885
    },
    "Gender": {
      "p": 0.9480072637,
      "r": 0.9408138101,
      "f": 0.944396839
    },
    "Number": {
      "p": 0.9767338471,
      "r": 0.9657850392,
      "f": 0.9712285872
    },
    "Mood": {
      "p": 0.9873641648,
      "r": 0.9769942486,
      "f": 0.9821518351
    },
    "Tense": {
      "p": 0.9880559085,
      "r": 0.9790984639,
      "f": 0.9835567923
    },
    "VerbForm": {
      "p": 0.9743422128,
      "r": 0.971642764,
      "f": 0.9729906161
    },
    "Degree": {
      "p": 0.9708130646,
      "r": 0.9598076262,
      "f": 0.9652789774
    },
    "PronType": {
      "p": 0.9911159263,
      "r": 0.9866264021,
      "f": 0.9888660685
    },
    "Poss": {
      "p": 0.9843137255,
      "r": 0.9920948617,
      "f": 0.9881889764
    },
    "Case": {
      "p": 0.9938478747,
      "r": 0.9839424142,
      "f": 0.9888703395
    },
    "Reflex": {
      "p": 1.0,
      "r": 1.0,
      "f": 1.0
    },
    "NumType": {
      "p": 1.0,
      "r": 0.9135802469,
      "f": 0.9548387097
    },
    "Polarity": {
      "p": 1.0,
      "r": 1.0,
      "f": 1.0
    },
    "Person": {
      "p": 0.9909824395,
      "r": 0.9909824395,
      "f": 0.9909824395
    },
    "Animacy": {
      "p": 0.9991467577,
      "r": 0.9974446337,
      "f": 0.9982949702
    },
    "Voice": {
      "p": 0.9776119403,
      "r": 0.9492753623,
      "f": 0.9632352941
    },
    "Abbr": {
      "p": 1.0,
      "r": 0.8375,
      "f": 0.9115646259
    }
  },
  "sents_p": 0.9511686144,
  "sents_r": 0.9460356995,
  "sents_f": 0.9485952133,
  "dep_uas": 0.8936788796,
  "dep_las": 0.8623767174,
  "dep_las_per_type": {
    "nmod": {
      "p": 0.7880715706,
      "r": 0.8132950349,
      "f": 0.8004846527
    },
    "nsubj": {
      "p": 0.8951937984,
      "r": 0.8896764253,
      "f": 0.8924265842
    },
    "flat:name": {
      "p": 0.8824476651,
      "r": 0.8824476651,
      "f": 0.8824476651
    },
    "root": {
      "p": 0.9084096586,
      "r": 0.9057700291,
      "f": 0.9070879235
    },
    "advmod": {
      "p": 0.8359636538,
      "r": 0.8387715931,
      "f": 0.8373652695
    },
    "mark": {
      "p": 0.9233333333,
      "r": 0.9243604004,
      "f": 0.9238465814
    },
    "advcl": {
      "p": 0.7,
      "r": 0.6843910806,
      "f": 0.6921075455
    },
    "obj": {
      "p": 0.8856799037,
      "r": 0.9131513648,
      "f": 0.8992058644
    },
    "case": {
      "p": 0.941588785,
      "r": 0.936,
      "f": 0.9387860748
    },
    "det": {
      "p": 0.9664769133,
      "r": 0.9670886076,
      "f": 0.9667826637
    },
    "obl": {
      "p": 0.7673975214,
      "r": 0.7285067873,
      "f": 0.747446611
    },
    "aux": {
      "p": 0.9425493716,
      "r": 0.9502262443,
      "f": 0.9463722397
    },
    "acl:relcl": {
      "p": 0.8013245033,
      "r": 0.8175675676,
      "f": 0.8093645485
    },
    "iobj": {
      "p": 0.7733333333,
      "r": 0.6590909091,
      "f": 0.7116564417
    },
    "xcomp": {
      "p": 0.7142857143,
      "r": 0.7142857143,
      "f": 0.7142857143
    },
    "cc": {
      "p": 0.9192546584,
      "r": 0.9128758674,
      "f": 0.9160541586
    },
    "conj": {
      "p": 0.7291518175,
      "r": 0.74291939,
      "f": 0.735971223
    },
    "amod": {
      "p": 0.9397664413,
      "r": 0.9261053907,
      "f": 0.932885906
    },
    "nummod": {
      "p": 0.9246031746,
      "r": 0.9510204082,
      "f": 0.9376257545
    },
    "compound:prt": {
      "p": 0.8104089219,
      "r": 0.7870036101,
      "f": 0.7985347985
    },
    "cop": {
      "p": 0.8710433763,
      "r": 0.8855780691,
      "f": 0.878250591
    },
    "appos": {
      "p": 0.3623188406,
      "r": 0.25,
      "f": 0.2958579882
    },
    "ccomp": {
      "p": 0.7992831541,
      "r": 0.8779527559,
      "f": 0.8367729831
    },
    "acl": {
      "p": 0.6929824561,
      "r": 0.6370967742,
      "f": 0.6638655462
    },
    "expl": {
      "p": 0.699751861,
      "r": 0.7621621622,
      "f": 0.7296248383
    },
    "csubj": {
      "p": 0.7542372881,
      "r": 0.6496350365,
      "f": 0.6980392157
    },
    "nsubj:pass": {
      "p": 0.8592964824,
      "r": 0.7916666667,
      "f": 0.8240963855
    },
    "aux:pass": {
      "p": 0.9075630252,
      "r": 0.9,
      "f": 0.9037656904
    },
    "acl:cleft": {
      "p": 0.3846153846,
      "r": 0.3703703704,
      "f": 0.3773584906
    },
    "orphan": {
      "p": 0.0,
      "r": 0.0,
      "f": 0.0
    },
    "dep": {
      "p": 0.0,
      "r": 0.0,
      "f": 0.0
    },
    "parataxis": {
      "p": 0.8219178082,
      "r": 0.6382978723,
      "f": 0.7185628743
    },
    "reparandum": {
      "p": 0.0,
      "r": 0.0,
      "f": 0.0
    },
    "compound": {
      "p": 0.6842105263,
      "r": 0.3170731707,
      "f": 0.4333333333
    },
    "flat:foreign": {
      "p": 0.72,
      "r": 0.5806451613,
      "f": 0.6428571429
    },
    "discourse": {
      "p": 0.6923076923,
      "r": 0.3913043478,
      "f": 0.5
    },
    "csubj:pass": {
      "p": 0.0,
      "r": 0.0,
      "f": 0.0
    }
  },
  "lemma_acc": 0.970965787,
  "tag_acc": 0.9728910684,
  "ents_p": 0.811827957,
  "ents_r": 0.8050947867,
  "ents_f": 0.8084473528,
  "ents_per_type": {
    "PER": {
      "p": 0.8961038961,
      "r": 0.9034369885,
      "f": 0.8997555012
    },
    "PROD": {
      "p": 0.624,
      "r": 0.4814814815,
      "f": 0.543554007
    },
    "GPE_LOC": {
      "p": 0.8127208481,
      "r": 0.888030888,
      "f": 0.8487084871
    },
    "ORG": {
      "p": 0.7962962963,
      "r": 0.8514851485,
      "f": 0.8229665072
    },
    "LOC": {
      "p": 0.7804878049,
      "r": 0.5871559633,
      "f": 0.6701570681
    },
    "DRV": {
      "p": 0.7571428571,
      "r": 0.6708860759,
      "f": 0.711409396
    },
    "EVT": {
      "p": 0.3846153846,
      "r": 0.5555555556,
      "f": 0.4545454545
    },
    "GPE_ORG": {
      "p": 0.6226415094,
      "r": 0.6,
      "f": 0.6111111111
    }
  },
  "speed": 10853.2373610033
}